name	dist	support
Root		
N4	0.0632016	0.138062
N7	0.97338	0.138062
Taxa_3	0.219065	
N3	0.90365	0.166914
Taxa_0	0.190563	
Taxa_1	0.458423	
Taxa_4	0.188681	
Taxa_2	0.5196	
